word,count
deaths,482.5425551
positive,425.5585892
realDonaldTrump,387.03823741524100
health,301.4151541
help,296.2894684
spread,282.4290077
virus,255.3833646
lockdown,213.704916
safe,211.3849313
risk,195.0761717
care,187.4325222
crisis,164.6147766
kids,163.6616827
died,160.496906
support,155.4925305
fight,144.3577275
protect,133.5456726
spike,131.9328334
better,131.2534338
great,124.6955063
hospital,120.2215039
high,111.5749514
quarantine,110.6447469
infected,109.9033172
recovered,107.6063543
lost,104.8012832
distancing,104.5237186
active,103.6227882
Good,102.0918369
healthcare,101.9014302
love,101.1613767
economy,101.1246833
negative,100.5356408
rise,98.25595986
outbreak,98.04872463
safety,95.99826469
relief,95.87516009
pay,94.92773446
Active,94.6984657
highest,93.60519692
job,92.52383831
Congress,89.3565671
treatment,87.32514385
food,87.31735002
ALERT,86.16955178
infections,84.65099527
officials,83.39858544
Hospital,82.58364958
BREAKING,82.05156817
doctors,79.83420902
hospitals,79.730807
bad,78.74486326
prevent,78.18087328
normal,73.96803105
dying,73.19435382
effective,73.13844054
disease,72.91775532
reopening,70.9821674
closed,70.08011485
conducted,69.87513154
spreading,69.4647281
God,68.91873513
healthy,68.88356199
young,68.6341646
recoveries,67.50046354
rises,66.77748725
Recovered,66.16736632
restrictions,66.10824388
helping,64.52976521
fear,64.36817144
worldwide,64.23491722
play,64.15332423
reopen,63.15597228
challenges,62.87536239
critical,62.30200405
cure,61.88847338
started,60.50762668
left,60.48160051
needed,60.25485537
living,59.8123406